S1,S2,Omega,Lower 95% CI,Upper 95% CI
1,2,0.22999999999999998,0.09555000141263008,0.4196000099182129
1,3,0.22999999999999998,0.09199000000953675,0.4271199867129325
1,4,-0.23440000000000005,-0.34731000661849976,-0.10383000187575833
2,3,-0.010000000000000009,-0.1299300067126751,0.12212000116705883
2,4,-0.49,-0.6856300085783005,-0.3512999892234803
3,4,-0.49,-0.6910099864006043,-0.3424000144004822
